d,m,t_enkf,t_gp
200,40,0.0005745841190218925,0.00566841708496213
400,80,0.00034341588616371155,0.0019629159942269325
600,120,0.0009241669904440641,0.0016051249112933874
800,160,0.00122804194688797,0.0019651250913739204
