d,N,t_woodbury,t_gp,t_enkf
500,100,0.0006127920933067799,0.007476500002667308,0.1385025829076767
1000,100,0.0008670000825077295,0.001080875052139163,0.567903749877587
2000,100,0.0009681249503046274,0.001353624975308776,3.972962499829009
4000,200,0.0021792498882859945,0.0016995409969240427,156.9871190409176
